{"cameraMode":{"drawMode":0,"name":"Shaded","section":"Shading Mode"},"sceneLighting":false,"audioPlay":false,"sceneViewState":{"showFog":true,"showMaterialUpdate":false,"showSkybox":false,"showFlares":true,"showImageEffects":true,"showParticleSystems":true},"in2DMode":false,"pivot":{"x":1.5098576545715333,"y":1.2400000095367432,"z":-2.309999942779541},"rotation":{"x":-0.3555857837200165,"y":-0.1606391817331314,"z":0.06216476112604141,"w":-0.9186815619468689},"size":0.8660253882408142,"orthographic":false}